prod_min_<common.parc.ThermalPlant_object_at_0x0000012F01045520>_0	900.0	-900.0	0
prod_max_<common.parc.ThermalPlant_object_at_0x0000012F01045520>_0	0.0	-0.0	0
demarrage_<common.parc.ThermalPlant_object_at_0x0000012F01045520>_0	0.0	1.110223e-16	0
prod_min_<common.parc.ThermalPlant_object_at_0x0000012F010454F0>_0	0.0	-0.0	0
prod_max_<common.parc.ThermalPlant_object_at_0x0000012F010454F0>_0	0.0	-0.0	0
demarrage_<common.parc.ThermalPlant_object_at_0x0000012F010454F0>_0	0.0	-0.0	0
prod_min_<common.parc.ThermalPlant_object_at_0x0000012F010199A0>_0	0.0	-0.0	0
prod_max_<common.parc.ThermalPlant_object_at_0x0000012F010199A0>_0	0.0	-0.0	0
demarrage_<common.parc.ThermalPlant_object_at_0x0000012F010199A0>_0	0.0	-0.0	0
balance_0	0.0	-0.0	1000
prod_min_<common.parc.ThermalPlant_object_at_0x0000012F01045520>_1	900.0	-900.0	0
prod_max_<common.parc.ThermalPlant_object_at_0x0000012F01045520>_1	0.0	-0.0	0
demarrage_<common.parc.ThermalPlant_object_at_0x0000012F01045520>_1	0.0	-0.0	0
duree_min_fct_<common.parc.ThermalPlant_object_at_0x0000012F01045520>_1_0	0.0	1.110223e-16	0
prod_min_<common.parc.ThermalPlant_object_at_0x0000012F010454F0>_1	400.0	-400.0	0
prod_max_<common.parc.ThermalPlant_object_at_0x0000012F010454F0>_1	-50.0	50.0	0
demarrage_<common.parc.ThermalPlant_object_at_0x0000012F010454F0>_1	0.0	-0.0	0
duree_min_fct_<common.parc.ThermalPlant_object_at_0x0000012F010454F0>_1_0	-1.0	1.0	0
prod_min_<common.parc.ThermalPlant_object_at_0x0000012F010199A0>_1	0.0	-1.4210855e-14	0
prod_max_<common.parc.ThermalPlant_object_at_0x0000012F010199A0>_1	-100.0	100.0	0
demarrage_<common.parc.ThermalPlant_object_at_0x0000012F010199A0>_1	0.0	-0.0	0
duree_min_fct_<common.parc.ThermalPlant_object_at_0x0000012F010199A0>_1_0	-1.0	1.0	0
balance_1	0.0	-0.0	1600
imposition_arret_2_thf1	0.0	-0.0	0
prod_min_<common.parc.ThermalPlant_object_at_0x0000012F01045520>_2	0.0	-0.0	0
prod_max_<common.parc.ThermalPlant_object_at_0x0000012F01045520>_2	0.0	-0.0	0
demarrage_<common.parc.ThermalPlant_object_at_0x0000012F01045520>_2	-1.0	1.0	0
duree_min_fct_<common.parc.ThermalPlant_object_at_0x0000012F01045520>_2_1	0.0	-0.0	0
prod_min_<common.parc.ThermalPlant_object_at_0x0000012F010454F0>_2	450.0	-450.0	0
prod_max_<common.parc.ThermalPlant_object_at_0x0000012F010454F0>_2	0.0	-0.0	0
demarrage_<common.parc.ThermalPlant_object_at_0x0000012F010454F0>_2	0.0	-0.0	0
duree_min_fct_<common.parc.ThermalPlant_object_at_0x0000012F010454F0>_2_1	0.0	-0.0	0
prod_min_<common.parc.ThermalPlant_object_at_0x0000012F010199A0>_2	100.0	-100.0	0
prod_max_<common.parc.ThermalPlant_object_at_0x0000012F010199A0>_2	0.0	-0.0	0
demarrage_<common.parc.ThermalPlant_object_at_0x0000012F010199A0>_2	0.0	-0.0	0
duree_min_fct_<common.parc.ThermalPlant_object_at_0x0000012F010199A0>_2_0	-1.0	1.0	0
duree_min_fct_<common.parc.ThermalPlant_object_at_0x0000012F010199A0>_2_1	0.0	-0.0	0
balance_2	0.0	-0.0	800
prod_min_<common.parc.ThermalPlant_object_at_0x0000012F01045520>_3	700.0	-700.0	0
prod_max_<common.parc.ThermalPlant_object_at_0x0000012F01045520>_3	-200.0	200.0	0
demarrage_<common.parc.ThermalPlant_object_at_0x0000012F01045520>_3	0.0	-1.110223e-16	0
duree_min_fct_<common.parc.ThermalPlant_object_at_0x0000012F01045520>_3_2	-1.0	1.0	0
prod_min_<common.parc.ThermalPlant_object_at_0x0000012F010454F0>_3	0.0	-0.0	0
prod_max_<common.parc.ThermalPlant_object_at_0x0000012F010454F0>_3	0.0	-0.0	0
demarrage_<common.parc.ThermalPlant_object_at_0x0000012F010454F0>_3	-1.0	1.0	0
duree_min_fct_<common.parc.ThermalPlant_object_at_0x0000012F010454F0>_3_2	0.0	-0.0	0
prod_min_<common.parc.ThermalPlant_object_at_0x0000012F010199A0>_3	0.0	-1.4210855e-14	0
prod_max_<common.parc.ThermalPlant_object_at_0x0000012F010199A0>_3	-100.0	100.0	0
demarrage_<common.parc.ThermalPlant_object_at_0x0000012F010199A0>_3	0.0	-0.0	0
duree_min_fct_<common.parc.ThermalPlant_object_at_0x0000012F010199A0>_3_1	0.0	-0.0	0
duree_min_fct_<common.parc.ThermalPlant_object_at_0x0000012F010199A0>_3_2	-1.0	1.0	0
balance_3	0.0	-0.0	900
